model,lang,data,template,task,classes,concept_pos,n,pred_noun,pred_verb,pred_adj,accuracy
aya,en,legacy,unbiased,T1,3way,noun,10,6,4,0,0.467
aya,en,legacy,unbiased,T1,3way,verb,10,2,8,0,0.467
aya,en,legacy,unbiased,T1,3way,adj,10,5,5,0,0.467
aya,en,legacy,unbiased,T2,3way,noun,10,6,1,3,0.4
aya,en,legacy,unbiased,T2,3way,verb,10,3,3,4,0.4
aya,en,legacy,unbiased,T2,3way,adj,10,4,3,3,0.4
aya,en,legacy,unbiased,T3,3way,noun,10,7,3,0,0.6
aya,en,legacy,unbiased,T3,3way,verb,10,1,9,0,0.6
aya,en,legacy,unbiased,T3,3way,adj,10,3,5,2,0.6
aya,en,legacy,unbiased,sum,3way,noun,30,19,8,3,0.489
aya,en,legacy,unbiased,sum,3way,verb,30,6,20,4,0.489
aya,en,legacy,unbiased,sum,3way,adj,30,12,13,5,0.489
aya,en,legacy,verb,T1,3way,noun,10,3,1,6,0.333
aya,en,legacy,verb,T1,3way,verb,10,5,2,3,0.333
aya,en,legacy,verb,T1,3way,adj,10,3,2,5,0.333
aya,en,legacy,verb,T2,3way,noun,10,3,4,3,0.4
aya,en,legacy,verb,T2,3way,verb,10,3,4,3,0.4
aya,en,legacy,verb,T2,3way,adj,10,0,5,5,0.4
aya,en,legacy,verb,T3,3way,noun,10,3,7,0,0.433
aya,en,legacy,verb,T3,3way,verb,10,4,5,1,0.433
aya,en,legacy,verb,T3,3way,adj,10,1,4,5,0.433
aya,en,legacy,verb,sum,3way,noun,30,9,12,9,0.389
aya,en,legacy,verb,sum,3way,verb,30,12,11,7,0.389
aya,en,legacy,verb,sum,3way,adj,30,4,11,15,0.389
aya,en,legacy,noun,T1,3way,noun,10,9,1,0,0.333
aya,en,legacy,noun,T1,3way,verb,10,10,0,0,0.333
aya,en,legacy,noun,T1,3way,adj,10,8,1,1,0.333
aya,en,legacy,noun,T2,3way,noun,10,6,1,3,0.3
aya,en,legacy,noun,T2,3way,verb,10,5,0,5,0.3
aya,en,legacy,noun,T2,3way,adj,10,4,3,3,0.3
aya,en,legacy,noun,T3,3way,noun,10,7,3,0,0.433
aya,en,legacy,noun,T3,3way,verb,10,5,5,0,0.433
aya,en,legacy,noun,T3,3way,adj,10,5,4,1,0.433
aya,en,legacy,noun,sum,3way,noun,30,22,5,3,0.356
aya,en,legacy,noun,sum,3way,verb,30,20,5,5,0.356
aya,en,legacy,noun,sum,3way,adj,30,17,8,5,0.356
aya,en,legacy,adj,T1,3way,noun,10,5,4,1,0.4
aya,en,legacy,adj,T1,3way,verb,10,2,5,3,0.4
aya,en,legacy,adj,T1,3way,adj,10,3,5,2,0.4
aya,en,legacy,adj,T2,3way,noun,10,3,0,7,0.3
aya,en,legacy,adj,T2,3way,verb,10,1,1,8,0.3
aya,en,legacy,adj,T2,3way,adj,10,5,0,5,0.3
aya,en,legacy,adj,T3,3way,noun,10,6,3,1,0.6
aya,en,legacy,adj,T3,3way,verb,10,0,10,0,0.6
aya,en,legacy,adj,T3,3way,adj,10,4,4,2,0.6
aya,en,legacy,adj,sum,3way,noun,30,14,7,9,0.433
aya,en,legacy,adj,sum,3way,verb,30,3,16,11,0.433
aya,en,legacy,adj,sum,3way,adj,30,12,9,9,0.433
aya,en,legacy,mixed,T1,3way,noun,10,9,1,0,0.533
aya,en,legacy,mixed,T1,3way,verb,10,5,5,0,0.533
aya,en,legacy,mixed,T1,3way,adj,10,7,1,2,0.533
aya,en,legacy,mixed,T2,3way,noun,10,4,1,5,0.4
aya,en,legacy,mixed,T2,3way,verb,10,3,3,4,0.4
aya,en,legacy,mixed,T2,3way,adj,10,3,2,5,0.4
aya,en,legacy,mixed,T3,3way,noun,10,7,3,0,0.667
aya,en,legacy,mixed,T3,3way,verb,10,1,8,1,0.667
aya,en,legacy,mixed,T3,3way,adj,10,3,2,5,0.667
aya,en,legacy,mixed,sum,3way,noun,30,20,5,5,0.533
aya,en,legacy,mixed,sum,3way,verb,30,9,16,5,0.533
aya,en,legacy,mixed,sum,3way,adj,30,13,5,12,0.533
aya,en,legacy,unbiased,T1,2way,noun,10,6,4,0,0.7
aya,en,legacy,unbiased,T1,2way,verb,10,2,8,0,0.7
aya,en,legacy,unbiased,T2,2way,noun,10,7,3,0,0.45
aya,en,legacy,unbiased,T2,2way,verb,10,8,2,0,0.45
aya,en,legacy,unbiased,T3,2way,noun,10,7,3,0,0.8
aya,en,legacy,unbiased,T3,2way,verb,10,1,9,0,0.8
aya,en,legacy,unbiased,sum,2way,noun,30,20,10,0,0.65
aya,en,legacy,unbiased,sum,2way,verb,30,11,19,0,0.65
aya,en,legacy,verb,T1,2way,noun,10,5,5,0,0.4
aya,en,legacy,verb,T1,2way,verb,10,7,3,0,0.4
aya,en,legacy,verb,T2,2way,noun,10,3,7,0,0.5
aya,en,legacy,verb,T2,2way,verb,10,3,7,0,0.5
aya,en,legacy,verb,T3,2way,noun,10,3,7,0,0.45
aya,en,legacy,verb,T3,2way,verb,10,4,6,0,0.45
aya,en,legacy,verb,sum,2way,noun,30,11,19,0,0.45
aya,en,legacy,verb,sum,2way,verb,30,14,16,0,0.45
aya,en,legacy,noun,T1,2way,noun,10,9,1,0,0.45
aya,en,legacy,noun,T1,2way,verb,10,10,0,0,0.45
aya,en,legacy,noun,T2,2way,noun,10,5,5,0,0.45
aya,en,legacy,noun,T2,2way,verb,10,6,4,0,0.45
aya,en,legacy,noun,T3,2way,noun,10,7,3,0,0.6
aya,en,legacy,noun,T3,2way,verb,10,5,5,0,0.6
aya,en,legacy,noun,sum,2way,noun,30,21,9,0,0.5
aya,en,legacy,noun,sum,2way,verb,30,21,9,0,0.5
aya,en,legacy,adj,T1,2way,noun,10,6,4,0,0.6
aya,en,legacy,adj,T1,2way,verb,10,4,6,0,0.6
aya,en,legacy,adj,T2,2way,noun,10,8,2,0,0.7
aya,en,legacy,adj,T2,2way,verb,10,4,6,0,0.7
aya,en,legacy,adj,T3,2way,noun,10,7,3,0,0.85
aya,en,legacy,adj,T3,2way,verb,10,0,10,0,0.85
aya,en,legacy,adj,sum,2way,noun,30,21,9,0,0.717
aya,en,legacy,adj,sum,2way,verb,30,8,22,0,0.717
aya,en,legacy,mixed,T1,2way,noun,10,8,2,0,0.7
aya,en,legacy,mixed,T1,2way,verb,10,4,6,0,0.7
aya,en,legacy,mixed,T2,2way,noun,10,8,2,0,0.7
aya,en,legacy,mixed,T2,2way,verb,10,4,6,0,0.7
aya,en,legacy,mixed,T3,2way,noun,10,7,3,0,0.8
aya,en,legacy,mixed,T3,2way,verb,10,1,9,0,0.8
aya,en,legacy,mixed,sum,2way,noun,30,23,7,0,0.733
aya,en,legacy,mixed,sum,2way,verb,30,9,21,0,0.733
