lang,model,template,task,concept_pos,pred_noun,pred_verb,pred_adj
en,gemma,noun,T1,N,8,2,0
en,gemma,noun,T1,V,6,4,0
en,gemma,noun,T1,A,8,2,0
en,gemma,noun,T2,N,10,0,0
en,gemma,noun,T2,V,8,0,2
en,gemma,noun,T2,A,8,1,1
en,gemma,noun,T3,N,6,3,1
en,gemma,noun,T3,V,6,4,0
en,gemma,noun,T3,A,4,4,2
en,gemma,verb,T1,N,3,4,3
en,gemma,verb,T1,V,2,5,3
en,gemma,verb,T1,A,0,6,4
en,gemma,verb,T2,N,3,3,4
en,gemma,verb,T2,V,2,3,5
en,gemma,verb,T2,A,2,5,3
en,gemma,verb,T3,N,2,5,3
en,gemma,verb,T3,V,1,7,2
en,gemma,verb,T3,A,1,5,4
en,gemma,adj,T1,N,6,4,0
en,gemma,adj,T1,V,2,6,2
en,gemma,adj,T1,A,3,5,2
en,gemma,adj,T2,N,4,1,5
en,gemma,adj,T2,V,6,2,2
en,gemma,adj,T2,A,5,4,1
en,gemma,adj,T3,N,4,6,0
en,gemma,adj,T3,V,0,7,3
en,gemma,adj,T3,A,4,2,4
en,gemma,unbiased,T1,N,2,3,5
en,gemma,unbiased,T1,V,2,8,0
en,gemma,unbiased,T1,A,2,4,4
en,gemma,unbiased,T2,N,7,1,2
en,gemma,unbiased,T2,V,3,3,4
en,gemma,unbiased,T2,A,2,6,2
en,gemma,unbiased,T3,N,7,2,1
en,gemma,unbiased,T3,V,2,8,0
en,gemma,unbiased,T3,A,4,2,4
en,gemma,mixed,T1,N,6,3,1
en,gemma,mixed,T1,V,4,4,2
en,gemma,mixed,T1,A,4,5,1
en,gemma,mixed,T2,N,2,3,5
en,gemma,mixed,T2,V,5,0,5
en,gemma,mixed,T2,A,5,1,4
en,gemma,mixed,T3,N,4,5,1
en,gemma,mixed,T3,V,1,4,5
en,gemma,mixed,T3,A,2,4,4
en,qwen,noun,T1,N,9,1,0
en,qwen,noun,T1,V,10,0,0
en,qwen,noun,T1,A,9,1,0
en,qwen,noun,T2,N,5,5,0
en,qwen,noun,T2,V,5,4,1
en,qwen,noun,T2,A,4,5,1
en,qwen,noun,T3,N,8,0,2
en,qwen,noun,T3,V,10,0,0
en,qwen,noun,T3,A,8,1,1
en,qwen,verb,T1,N,9,1,0
en,qwen,verb,T1,V,7,3,0
en,qwen,verb,T1,A,9,0,1
en,qwen,verb,T2,N,8,2,0
en,qwen,verb,T2,V,6,4,0
en,qwen,verb,T2,A,6,4,0
en,qwen,verb,T3,N,8,0,2
en,qwen,verb,T3,V,4,4,2
en,qwen,verb,T3,A,9,1,0
en,qwen,adj,T1,N,10,0,0
en,qwen,adj,T1,V,7,3,0
en,qwen,adj,T1,A,10,0,0
en,qwen,adj,T2,N,3,7,0
en,qwen,adj,T2,V,7,3,0
en,qwen,adj,T2,A,8,2,0
en,qwen,adj,T3,N,9,0,1
en,qwen,adj,T3,V,6,3,1
en,qwen,adj,T3,A,6,1,3
en,qwen,unbiased,T1,N,8,2,0
en,qwen,unbiased,T1,V,7,3,0
en,qwen,unbiased,T1,A,9,1,0
en,qwen,unbiased,T2,N,4,5,1
en,qwen,unbiased,T2,V,3,5,2
en,qwen,unbiased,T2,A,2,4,4
en,qwen,unbiased,T3,N,6,4,0
en,qwen,unbiased,T3,V,4,6,0
en,qwen,unbiased,T3,A,7,0,3
en,qwen,mixed,T1,N,10,0,0
en,qwen,mixed,T1,V,8,2,0
en,qwen,mixed,T1,A,8,2,0
en,qwen,mixed,T2,N,7,3,0
en,qwen,mixed,T2,V,6,4,0
en,qwen,mixed,T2,A,3,7,0
en,qwen,mixed,T3,N,10,0,0
en,qwen,mixed,T3,V,9,1,0
en,qwen,mixed,T3,A,7,3,0
en,aya,noun,T1,N,9,1,0
en,aya,noun,T1,V,10,0,0
en,aya,noun,T1,A,8,1,1
en,aya,noun,T2,N,6,1,3
en,aya,noun,T2,V,5,0,5
en,aya,noun,T2,A,4,3,3
en,aya,noun,T3,N,7,3,0
en,aya,noun,T3,V,5,5,0
en,aya,noun,T3,A,5,4,1
en,aya,verb,T1,N,3,1,6
en,aya,verb,T1,V,5,2,3
en,aya,verb,T1,A,3,2,5
en,aya,verb,T2,N,3,4,3
en,aya,verb,T2,V,3,4,3
en,aya,verb,T2,A,0,5,5
en,aya,verb,T3,N,3,7,0
en,aya,verb,T3,V,4,5,1
en,aya,verb,T3,A,1,4,5
en,aya,adj,T1,N,5,4,1
en,aya,adj,T1,V,2,5,3
en,aya,adj,T1,A,3,5,2
en,aya,adj,T2,N,3,0,7
en,aya,adj,T2,V,1,1,8
en,aya,adj,T2,A,5,0,5
en,aya,adj,T3,N,6,3,1
en,aya,adj,T3,V,0,10,0
en,aya,adj,T3,A,4,4,2
en,aya,unbiased,T1,N,6,4,0
en,aya,unbiased,T1,V,2,8,0
en,aya,unbiased,T1,A,5,5,0
en,aya,unbiased,T2,N,6,1,3
en,aya,unbiased,T2,V,3,3,4
en,aya,unbiased,T2,A,4,3,3
en,aya,unbiased,T3,N,7,3,0
en,aya,unbiased,T3,V,1,9,0
en,aya,unbiased,T3,A,3,5,2
en,aya,mixed,T1,N,9,1,0
en,aya,mixed,T1,V,5,5,0
en,aya,mixed,T1,A,7,1,2
en,aya,mixed,T2,N,4,1,5
en,aya,mixed,T2,V,3,3,4
en,aya,mixed,T2,A,3,2,5
en,aya,mixed,T3,N,7,3,0
en,aya,mixed,T3,V,1,8,1
en,aya,mixed,T3,A,3,2,5
zh,gemma,noun,T1,N,9,1,0
zh,gemma,noun,T1,V,10,0,0
zh,gemma,noun,T1,A,10,0,0
zh,gemma,noun,T2,N,4,2,4
zh,gemma,noun,T2,V,0,5,5
zh,gemma,noun,T2,A,3,3,4
zh,gemma,noun,T3,N,4,5,1
zh,gemma,noun,T3,V,4,5,1
zh,gemma,noun,T3,A,3,3,4
zh,gemma,verb,T1,N,7,3,0
zh,gemma,verb,T1,V,5,3,2
zh,gemma,verb,T1,A,8,1,1
zh,gemma,verb,T2,N,2,5,3
zh,gemma,verb,T2,V,3,4,3
zh,gemma,verb,T2,A,0,7,3
zh,gemma,verb,T3,N,2,6,2
zh,gemma,verb,T3,V,1,6,3
zh,gemma,verb,T3,A,2,7,1
zh,gemma,adj,T1,N,9,1,0
zh,gemma,adj,T1,V,9,0,1
zh,gemma,adj,T1,A,8,2,0
zh,gemma,adj,T2,N,1,1,8
zh,gemma,adj,T2,V,1,1,8
zh,gemma,adj,T2,A,3,3,4
zh,gemma,adj,T3,N,7,3,0
zh,gemma,adj,T3,V,5,3,2
zh,gemma,adj,T3,A,4,2,4
zh,gemma,unbiased,T1,N,8,2,0
zh,gemma,unbiased,T1,V,4,4,2
zh,gemma,unbiased,T1,A,7,3,0
zh,gemma,unbiased,T2,N,3,2,5
zh,gemma,unbiased,T2,V,0,4,6
zh,gemma,unbiased,T2,A,0,5,5
zh,gemma,unbiased,T3,N,6,2,2
zh,gemma,unbiased,T3,V,0,7,3
zh,gemma,unbiased,T3,A,3,4,3
zh,gemma,mixed,T1,N,9,1,0
zh,gemma,mixed,T1,V,9,0,1
zh,gemma,mixed,T1,A,9,0,1
zh,gemma,mixed,T2,N,2,4,4
zh,gemma,mixed,T2,V,0,7,3
zh,gemma,mixed,T2,A,2,6,2
zh,gemma,mixed,T3,N,4,3,3
zh,gemma,mixed,T3,V,2,8,0
zh,gemma,mixed,T3,A,1,4,5
zh,qwen,noun,T1,N,8,2,0
zh,qwen,noun,T1,V,4,5,1
zh,qwen,noun,T1,A,7,3,0
zh,qwen,noun,T2,N,3,5,2
zh,qwen,noun,T2,V,2,6,2
zh,qwen,noun,T2,A,3,7,0
zh,qwen,noun,T3,N,8,1,1
zh,qwen,noun,T3,V,1,8,1
zh,qwen,noun,T3,A,2,6,2
zh,qwen,verb,T1,N,5,5,0
zh,qwen,verb,T1,V,3,6,1
zh,qwen,verb,T1,A,2,8,0
zh,qwen,verb,T2,N,2,6,2
zh,qwen,verb,T2,V,1,4,5
zh,qwen,verb,T2,A,2,5,3
zh,qwen,verb,T3,N,7,2,1
zh,qwen,verb,T3,V,2,6,2
zh,qwen,verb,T3,A,5,4,1
zh,qwen,adj,T1,N,5,4,1
zh,qwen,adj,T1,V,6,4,0
zh,qwen,adj,T1,A,7,3,0
zh,qwen,adj,T2,N,2,6,2
zh,qwen,adj,T2,V,3,6,1
zh,qwen,adj,T2,A,0,7,3
zh,qwen,adj,T3,N,2,7,1
zh,qwen,adj,T3,V,2,5,3
zh,qwen,adj,T3,A,7,2,1
zh,qwen,unbiased,T1,N,6,4,0
zh,qwen,unbiased,T1,V,2,3,5
zh,qwen,unbiased,T1,A,1,1,8
zh,qwen,unbiased,T2,N,4,5,1
zh,qwen,unbiased,T2,V,0,9,1
zh,qwen,unbiased,T2,A,2,8,0
zh,qwen,unbiased,T3,N,8,1,1
zh,qwen,unbiased,T3,V,3,4,3
zh,qwen,unbiased,T3,A,2,2,6
zh,qwen,mixed,T1,N,3,7,0
zh,qwen,mixed,T1,V,6,3,1
zh,qwen,mixed,T1,A,2,6,2
zh,qwen,mixed,T2,N,4,5,1
zh,qwen,mixed,T2,V,4,4,2
zh,qwen,mixed,T2,A,2,5,3
zh,qwen,mixed,T3,N,5,5,0
zh,qwen,mixed,T3,V,4,5,1
zh,qwen,mixed,T3,A,3,6,1
zh,aya,noun,T1,N,6,0,4
zh,aya,noun,T1,V,5,5,0
zh,aya,noun,T1,A,4,3,3
zh,aya,noun,T2,N,5,1,4
zh,aya,noun,T2,V,7,0,3
zh,aya,noun,T2,A,7,2,1
zh,aya,noun,T3,N,7,3,0
zh,aya,noun,T3,V,4,5,1
zh,aya,noun,T3,A,3,3,4
zh,aya,verb,T1,N,5,5,0
zh,aya,verb,T1,V,4,4,2
zh,aya,verb,T1,A,6,3,1
zh,aya,verb,T2,N,6,2,2
zh,aya,verb,T2,V,6,0,4
zh,aya,verb,T2,A,3,3,4
zh,aya,verb,T3,N,4,1,5
zh,aya,verb,T3,V,4,3,3
zh,aya,verb,T3,A,4,4,2
zh,aya,adj,T1,N,2,7,1
zh,aya,adj,T1,V,4,3,3
zh,aya,adj,T1,A,3,6,1
zh,aya,adj,T2,N,5,3,2
zh,aya,adj,T2,V,9,0,1
zh,aya,adj,T2,A,4,4,2
zh,aya,adj,T3,N,7,3,0
zh,aya,adj,T3,V,4,3,3
zh,aya,adj,T3,A,5,4,1
zh,aya,unbiased,T1,N,6,4,0
zh,aya,unbiased,T1,V,2,6,2
zh,aya,unbiased,T1,A,2,4,4
zh,aya,unbiased,T2,N,6,2,2
zh,aya,unbiased,T2,V,7,2,1
zh,aya,unbiased,T2,A,5,3,2
zh,aya,unbiased,T3,N,7,3,0
zh,aya,unbiased,T3,V,7,3,0
zh,aya,unbiased,T3,A,3,4,3
zh,aya,mixed,T1,N,4,1,5
zh,aya,mixed,T1,V,5,5,0
zh,aya,mixed,T1,A,7,2,1
zh,aya,mixed,T2,N,5,3,2
zh,aya,mixed,T2,V,4,2,4
zh,aya,mixed,T2,A,5,2,3
zh,aya,mixed,T3,N,4,5,1
zh,aya,mixed,T3,V,5,5,0
zh,aya,mixed,T3,A,4,4,2
