model,lang,template,task,classes,n,pred_noun,pred_verb,pred_adj,match_template
gemma,en,unbiased,Task1,3way,30,11,14,5,
gemma,en,unbiased,Task2,3way,30,3,18,9,
gemma,en,unbiased,Task3,3way,30,14,12,4,
gemma,en,unbiased,Sum,3way,90,28,44,18,
gemma,en,mixed,Task1,3way,30,23,4,3,
gemma,en,mixed,Task2,3way,30,10,10,10,
gemma,en,mixed,Task3,3way,30,20,5,5,
gemma,en,mixed,Sum,3way,90,53,19,18,
gemma,en,noun,Task1,3way,30,20,7,3,0.667
gemma,en,noun,Task2,3way,30,0,18,12,0.0
gemma,en,noun,Task3,3way,30,14,10,6,0.467
gemma,en,noun,Sum,3way,90,34,35,21,0.378
gemma,en,verb,Task1,3way,30,21,4,5,0.133
gemma,en,verb,Task2,3way,30,7,9,14,0.3
gemma,en,verb,Task3,3way,30,13,6,11,0.2
gemma,en,verb,Sum,3way,90,41,19,30,0.211
gemma,en,adj,Task1,3way,30,24,2,4,0.133
gemma,en,adj,Task2,3way,30,6,16,8,0.267
gemma,en,adj,Task3,3way,30,21,4,5,0.167
gemma,en,adj,Sum,3way,90,51,22,17,0.189
gemma,zh,unbiased,Task1,3way,30,21,5,4,
gemma,zh,unbiased,Task2,3way,30,10,11,9,
gemma,zh,unbiased,Task3,3way,30,17,12,1,
gemma,zh,unbiased,Sum,3way,90,48,28,14,
gemma,zh,mixed,Task1,3way,30,14,3,13,
gemma,zh,mixed,Task2,3way,30,3,8,19,
gemma,zh,mixed,Task3,3way,30,10,3,17,
gemma,zh,mixed,Sum,3way,90,27,14,49,
gemma,zh,noun,Task1,3way,30,18,3,9,0.6
gemma,zh,noun,Task2,3way,30,5,10,15,0.167
gemma,zh,noun,Task3,3way,30,17,4,9,0.567
gemma,zh,noun,Sum,3way,90,40,17,33,0.444
gemma,zh,verb,Task1,3way,30,16,6,8,0.2
gemma,zh,verb,Task2,3way,30,2,10,18,0.333
gemma,zh,verb,Task3,3way,30,13,7,10,0.233
gemma,zh,verb,Sum,3way,90,31,23,36,0.256
gemma,zh,adj,Task1,3way,30,18,2,10,0.333
gemma,zh,adj,Task2,3way,30,9,9,12,0.4
gemma,zh,adj,Task3,3way,30,11,9,10,0.333
gemma,zh,adj,Sum,3way,90,38,20,32,0.356
qwen,en,unbiased,Task1,3way,30,18,9,3,
qwen,en,unbiased,Task2,3way,30,29,0,1,
qwen,en,unbiased,Task3,3way,30,15,10,5,
qwen,en,unbiased,Sum,3way,90,62,19,9,
qwen,en,mixed,Task1,3way,30,20,6,4,
qwen,en,mixed,Task2,3way,30,16,10,4,
qwen,en,mixed,Task3,3way,30,12,12,6,
qwen,en,mixed,Sum,3way,90,48,28,14,
qwen,en,noun,Task1,3way,30,27,3,0,0.9
qwen,en,noun,Task2,3way,30,22,5,3,0.733
qwen,en,noun,Task3,3way,30,20,4,6,0.667
qwen,en,noun,Sum,3way,90,69,12,9,0.767
qwen,en,verb,Task1,3way,30,12,15,3,0.5
qwen,en,verb,Task2,3way,30,14,13,3,0.433
qwen,en,verb,Task3,3way,30,13,14,3,0.467
qwen,en,verb,Sum,3way,90,39,42,9,0.467
qwen,en,adj,Task1,3way,30,14,8,8,0.267
qwen,en,adj,Task2,3way,30,18,1,11,0.367
qwen,en,adj,Task3,3way,30,10,8,12,0.4
qwen,en,adj,Sum,3way,90,42,17,31,0.344
qwen,zh,unbiased,Task1,3way,30,17,6,7,
qwen,zh,unbiased,Task2,3way,30,22,4,4,
qwen,zh,unbiased,Task3,3way,30,16,7,7,
qwen,zh,unbiased,Sum,3way,90,55,17,18,
qwen,zh,mixed,Task1,3way,30,19,4,7,
qwen,zh,mixed,Task2,3way,30,12,12,6,
qwen,zh,mixed,Task3,3way,30,17,6,7,
qwen,zh,mixed,Sum,3way,90,48,22,20,
qwen,zh,noun,Task1,3way,30,23,5,2,0.767
qwen,zh,noun,Task2,3way,30,22,6,2,0.733
qwen,zh,noun,Task3,3way,30,17,9,4,0.567
qwen,zh,noun,Sum,3way,90,62,20,8,0.689
qwen,zh,verb,Task1,3way,30,19,7,4,0.233
qwen,zh,verb,Task2,3way,30,15,11,4,0.367
qwen,zh,verb,Task3,3way,30,17,6,7,0.2
qwen,zh,verb,Sum,3way,90,51,24,15,0.267
qwen,zh,adj,Task1,3way,30,17,12,1,0.033
qwen,zh,adj,Task2,3way,30,19,7,4,0.133
qwen,zh,adj,Task3,3way,30,13,9,8,0.267
qwen,zh,adj,Sum,3way,90,49,28,13,0.144
aya,en,unbiased,Task1,3way,30,18,7,5,
aya,en,unbiased,Task2,3way,30,12,5,13,
aya,en,unbiased,Task3,3way,30,14,12,4,
aya,en,unbiased,Sum,3way,90,44,24,22,
aya,en,mixed,Task1,3way,30,20,8,2,
aya,en,mixed,Task2,3way,30,13,4,13,
aya,en,mixed,Task3,3way,30,15,11,4,
aya,en,mixed,Sum,3way,90,48,23,19,
aya,en,noun,Task1,3way,30,21,6,3,0.7
aya,en,noun,Task2,3way,30,14,9,7,0.467
aya,en,noun,Task3,3way,30,14,15,1,0.467
aya,en,noun,Sum,3way,90,49,30,11,0.544
aya,en,verb,Task1,3way,30,18,9,3,0.3
aya,en,verb,Task2,3way,30,17,2,11,0.067
aya,en,verb,Task3,3way,30,13,8,9,0.267
aya,en,verb,Sum,3way,90,48,19,23,0.211
aya,en,adj,Task1,3way,30,13,15,2,0.067
aya,en,adj,Task2,3way,30,15,2,13,0.433
aya,en,adj,Task3,3way,30,14,14,2,0.067
aya,en,adj,Sum,3way,90,42,31,17,0.189
aya,zh,unbiased,Task1,3way,30,17,10,3,
aya,zh,unbiased,Task2,3way,30,13,5,12,
aya,zh,unbiased,Task3,3way,30,20,8,2,
aya,zh,unbiased,Sum,3way,90,50,23,17,
aya,zh,mixed,Task1,3way,30,17,8,5,
aya,zh,mixed,Task2,3way,30,16,4,10,
aya,zh,mixed,Task3,3way,30,18,10,2,
aya,zh,mixed,Sum,3way,90,51,22,17,
aya,zh,noun,Task1,3way,30,18,12,0,0.6
aya,zh,noun,Task2,3way,30,15,4,11,0.5
aya,zh,noun,Task3,3way,30,20,6,4,0.667
aya,zh,noun,Sum,3way,90,53,22,15,0.589
aya,zh,verb,Task1,3way,30,18,7,5,0.233
aya,zh,verb,Task2,3way,30,20,2,8,0.067
aya,zh,verb,Task3,3way,30,21,7,2,0.233
aya,zh,verb,Sum,3way,90,59,16,15,0.178
aya,zh,adj,Task1,3way,30,11,17,2,0.067
aya,zh,adj,Task2,3way,30,18,6,6,0.2
aya,zh,adj,Task3,3way,30,21,8,1,0.033
aya,zh,adj,Sum,3way,90,50,31,9,0.1
gemma,en,unbiased,Task1,binary,20,8,12,,
gemma,en,unbiased,Task2,binary,20,1,19,,
gemma,en,unbiased,Task3,binary,20,11,9,,
gemma,en,unbiased,Sum,binary,60,20,40,,
gemma,en,mixed,Task1,binary,20,17,3,,
gemma,en,mixed,Task2,binary,20,9,11,,
gemma,en,mixed,Task3,binary,20,15,5,,
gemma,en,mixed,Sum,binary,60,41,19,,
gemma,en,noun,Task1,binary,20,14,6,,0.7
gemma,en,noun,Task2,binary,20,2,18,,0.1
gemma,en,noun,Task3,binary,20,12,8,,0.6
gemma,en,noun,Sum,binary,60,28,32,,0.467
gemma,en,verb,Task1,binary,20,15,5,,0.25
gemma,en,verb,Task2,binary,20,3,17,,0.85
gemma,en,verb,Task3,binary,20,11,9,,0.45
gemma,en,verb,Sum,binary,60,29,31,,0.517
gemma,zh,unbiased,Task1,binary,20,16,4,,
gemma,zh,unbiased,Task2,binary,20,7,13,,
gemma,zh,unbiased,Task3,binary,20,12,8,,
gemma,zh,unbiased,Sum,binary,60,35,25,,
gemma,zh,mixed,Task1,binary,20,17,3,,
gemma,zh,mixed,Task2,binary,20,7,13,,
gemma,zh,mixed,Task3,binary,20,12,8,,
gemma,zh,mixed,Sum,binary,60,36,24,,
gemma,zh,noun,Task1,binary,20,16,4,,0.8
gemma,zh,noun,Task2,binary,20,7,13,,0.35
gemma,zh,noun,Task3,binary,20,16,4,,0.8
gemma,zh,noun,Sum,binary,60,39,21,,0.65
gemma,zh,verb,Task1,binary,20,13,7,,0.35
gemma,zh,verb,Task2,binary,20,3,17,,0.85
gemma,zh,verb,Task3,binary,20,11,9,,0.45
gemma,zh,verb,Sum,binary,60,27,33,,0.55
qwen,en,unbiased,Task1,binary,20,12,8,,
qwen,en,unbiased,Task2,binary,20,18,2,,
qwen,en,unbiased,Task3,binary,20,9,11,,
qwen,en,unbiased,Sum,binary,60,39,21,,
qwen,en,mixed,Task1,binary,20,13,7,,
qwen,en,mixed,Task2,binary,20,11,9,,
qwen,en,mixed,Task3,binary,20,11,9,,
qwen,en,mixed,Sum,binary,60,35,25,,
qwen,en,noun,Task1,binary,20,17,3,,0.85
qwen,en,noun,Task2,binary,20,14,6,,0.7
qwen,en,noun,Task3,binary,20,16,4,,0.8
qwen,en,noun,Sum,binary,60,47,13,,0.783
qwen,en,verb,Task1,binary,20,7,13,,0.65
qwen,en,verb,Task2,binary,20,9,11,,0.55
qwen,en,verb,Task3,binary,20,10,10,,0.5
qwen,en,verb,Sum,binary,60,26,34,,0.567
qwen,zh,unbiased,Task1,binary,20,16,4,,
qwen,zh,unbiased,Task2,binary,20,19,1,,
qwen,zh,unbiased,Task3,binary,20,14,6,,
qwen,zh,unbiased,Sum,binary,60,49,11,,
qwen,zh,mixed,Task1,binary,20,18,2,,
qwen,zh,mixed,Task2,binary,20,12,8,,
qwen,zh,mixed,Task3,binary,20,15,5,,
qwen,zh,mixed,Sum,binary,60,45,15,,
qwen,zh,noun,Task1,binary,20,16,4,,0.8
qwen,zh,noun,Task2,binary,20,17,3,,0.85
qwen,zh,noun,Task3,binary,20,13,7,,0.65
qwen,zh,noun,Sum,binary,60,46,14,,0.767
qwen,zh,verb,Task1,binary,20,15,5,,0.25
qwen,zh,verb,Task2,binary,20,14,6,,0.3
qwen,zh,verb,Task3,binary,20,14,6,,0.3
qwen,zh,verb,Sum,binary,60,43,17,,0.283
aya,en,unbiased,Task1,binary,20,15,5,,
aya,en,unbiased,Task2,binary,20,10,10,,
aya,en,unbiased,Task3,binary,20,10,10,,
aya,en,unbiased,Sum,binary,60,35,25,,
aya,en,mixed,Task1,binary,20,14,6,,
aya,en,mixed,Task2,binary,20,13,7,,
aya,en,mixed,Task3,binary,20,11,9,,
aya,en,mixed,Sum,binary,60,38,22,,
aya,en,noun,Task1,binary,20,14,6,,0.7
aya,en,noun,Task2,binary,20,8,12,,0.4
aya,en,noun,Task3,binary,20,11,9,,0.55
aya,en,noun,Sum,binary,60,33,27,,0.55
aya,en,verb,Task1,binary,20,13,7,,0.35
aya,en,verb,Task2,binary,20,14,6,,0.3
aya,en,verb,Task3,binary,20,11,9,,0.45
aya,en,verb,Sum,binary,60,38,22,,0.367
aya,zh,unbiased,Task1,binary,20,11,9,,
aya,zh,unbiased,Task2,binary,20,15,5,,
aya,zh,unbiased,Task3,binary,20,13,7,,
aya,zh,unbiased,Sum,binary,60,39,21,,
aya,zh,mixed,Task1,binary,20,14,6,,
aya,zh,mixed,Task2,binary,20,11,9,,
aya,zh,mixed,Task3,binary,20,11,9,,
aya,zh,mixed,Sum,binary,60,36,24,,
aya,zh,noun,Task1,binary,20,11,9,,0.55
aya,zh,noun,Task2,binary,20,15,5,,0.75
aya,zh,noun,Task3,binary,20,15,5,,0.75
aya,zh,noun,Sum,binary,60,41,19,,0.683
aya,zh,verb,Task1,binary,20,11,9,,0.45
aya,zh,verb,Task2,binary,20,14,6,,0.3
aya,zh,verb,Task3,binary,20,15,5,,0.25
aya,zh,verb,Sum,binary,60,40,20,,0.333
