model,lang,template,task,classes,concept_pos,n,pred_noun,pred_verb,pred_adj,accuracy
gemma,en,unbiased,Task1,3way,noun,10,5,5,0,0.5
gemma,en,unbiased,Task1,3way,verb,10,3,6,1,0.6
gemma,en,unbiased,Task1,3way,adj,10,3,3,4,0.4
gemma,en,unbiased,Task1,3way,all,30,,,,0.5
gemma,en,mixed,Task1,3way,noun,10,10,0,0,1.0
gemma,en,mixed,Task1,3way,verb,10,5,3,2,0.3
gemma,en,mixed,Task1,3way,adj,10,8,1,1,0.1
gemma,en,mixed,Task1,3way,all,30,,,,0.467
gemma,zh,unbiased,Task1,3way,noun,10,7,3,0,0.7
gemma,zh,unbiased,Task1,3way,verb,10,8,1,1,0.1
gemma,zh,unbiased,Task1,3way,adj,10,6,1,3,0.3
gemma,zh,unbiased,Task1,3way,all,30,,,,0.367
gemma,zh,mixed,Task1,3way,noun,10,4,1,5,0.4
gemma,zh,mixed,Task1,3way,verb,10,5,2,3,0.2
gemma,zh,mixed,Task1,3way,adj,10,5,0,5,0.5
gemma,zh,mixed,Task1,3way,all,30,,,,0.367
gemma,en,unbiased,Task1,binary,noun,10,5,5,,0.5
gemma,en,unbiased,Task1,binary,verb,10,3,7,,0.7
gemma,en,unbiased,Task1,binary,all,20,,,,0.6
gemma,en,mixed,Task1,binary,noun,10,10,0,,1.0
gemma,en,mixed,Task1,binary,verb,10,7,3,,0.3
gemma,en,mixed,Task1,binary,all,20,,,,0.65
gemma,zh,unbiased,Task1,binary,noun,10,8,2,,0.8
gemma,zh,unbiased,Task1,binary,verb,10,8,2,,0.2
gemma,zh,unbiased,Task1,binary,all,20,,,,0.5
gemma,zh,mixed,Task1,binary,noun,10,9,1,,0.9
gemma,zh,mixed,Task1,binary,verb,10,8,2,,0.2
gemma,zh,mixed,Task1,binary,all,20,,,,0.55
gemma,en,unbiased,Task2,3way,noun,10,2,6,2,0.2
gemma,en,unbiased,Task2,3way,verb,10,1,6,3,0.6
gemma,en,unbiased,Task2,3way,adj,10,0,6,4,0.4
gemma,en,unbiased,Task2,3way,all,30,,,,0.4
gemma,en,mixed,Task2,3way,noun,10,3,4,3,0.3
gemma,en,mixed,Task2,3way,verb,10,1,6,3,0.6
gemma,en,mixed,Task2,3way,adj,10,6,0,4,0.4
gemma,en,mixed,Task2,3way,all,30,,,,0.433
gemma,zh,unbiased,Task2,3way,noun,10,5,3,2,0.5
gemma,zh,unbiased,Task2,3way,verb,10,3,3,4,0.3
gemma,zh,unbiased,Task2,3way,adj,10,2,5,3,0.3
gemma,zh,unbiased,Task2,3way,all,30,,,,0.367
gemma,zh,mixed,Task2,3way,noun,10,1,3,6,0.1
gemma,zh,mixed,Task2,3way,verb,10,2,3,5,0.3
gemma,zh,mixed,Task2,3way,adj,10,0,2,8,0.8
gemma,zh,mixed,Task2,3way,all,30,,,,0.4
gemma,en,unbiased,Task2,binary,noun,10,1,9,,0.1
gemma,en,unbiased,Task2,binary,verb,10,0,10,,1.0
gemma,en,unbiased,Task2,binary,all,20,,,,0.55
gemma,en,mixed,Task2,binary,noun,10,5,5,,0.5
gemma,en,mixed,Task2,binary,verb,10,4,6,,0.6
gemma,en,mixed,Task2,binary,all,20,,,,0.55
gemma,zh,unbiased,Task2,binary,noun,10,1,9,,0.1
gemma,zh,unbiased,Task2,binary,verb,10,6,4,,0.4
gemma,zh,unbiased,Task2,binary,all,20,,,,0.25
gemma,zh,mixed,Task2,binary,noun,10,2,8,,0.2
gemma,zh,mixed,Task2,binary,verb,10,5,5,,0.5
gemma,zh,mixed,Task2,binary,all,20,,,,0.35
gemma,en,unbiased,Task3,3way,noun,10,9,1,0,0.9
gemma,en,unbiased,Task3,3way,verb,10,2,8,0,0.8
gemma,en,unbiased,Task3,3way,adj,10,3,3,4,0.4
gemma,en,unbiased,Task3,3way,all,30,,,,0.7
gemma,en,mixed,Task3,3way,noun,10,10,0,0,1.0
gemma,en,mixed,Task3,3way,verb,10,5,5,0,0.5
gemma,en,mixed,Task3,3way,adj,10,5,0,5,0.5
gemma,en,mixed,Task3,3way,all,30,,,,0.667
gemma,zh,unbiased,Task3,3way,noun,10,8,2,0,0.8
gemma,zh,unbiased,Task3,3way,verb,10,4,6,0,0.6
gemma,zh,unbiased,Task3,3way,adj,10,5,4,1,0.1
gemma,zh,unbiased,Task3,3way,all,30,,,,0.5
gemma,zh,mixed,Task3,3way,noun,10,5,0,5,0.5
gemma,zh,mixed,Task3,3way,verb,10,2,3,5,0.3
gemma,zh,mixed,Task3,3way,adj,10,3,0,7,0.7
gemma,zh,mixed,Task3,3way,all,30,,,,0.5
gemma,en,unbiased,Task3,binary,noun,10,9,1,,0.9
gemma,en,unbiased,Task3,binary,verb,10,2,8,,0.8
gemma,en,unbiased,Task3,binary,all,20,,,,0.85
gemma,en,mixed,Task3,binary,noun,10,10,0,,1.0
gemma,en,mixed,Task3,binary,verb,10,5,5,,0.5
gemma,en,mixed,Task3,binary,all,20,,,,0.75
gemma,zh,unbiased,Task3,binary,noun,10,8,2,,0.8
gemma,zh,unbiased,Task3,binary,verb,10,4,6,,0.6
gemma,zh,unbiased,Task3,binary,all,20,,,,0.7
gemma,zh,mixed,Task3,binary,noun,10,7,3,,0.7
gemma,zh,mixed,Task3,binary,verb,10,5,5,,0.5
gemma,zh,mixed,Task3,binary,all,20,,,,0.6
qwen,en,unbiased,Task1,3way,noun,10,7,3,0,0.7
qwen,en,unbiased,Task1,3way,verb,10,4,5,1,0.5
qwen,en,unbiased,Task1,3way,adj,10,7,1,2,0.2
qwen,en,unbiased,Task1,3way,all,30,,,,0.467
qwen,en,mixed,Task1,3way,noun,10,8,2,0,0.8
qwen,en,mixed,Task1,3way,verb,10,5,4,1,0.4
qwen,en,mixed,Task1,3way,adj,10,7,0,3,0.3
qwen,en,mixed,Task1,3way,all,30,,,,0.5
qwen,zh,unbiased,Task1,3way,noun,10,7,3,0,0.7
qwen,zh,unbiased,Task1,3way,verb,10,5,2,3,0.2
qwen,zh,unbiased,Task1,3way,adj,10,5,1,4,0.4
qwen,zh,unbiased,Task1,3way,all,30,,,,0.433
qwen,zh,mixed,Task1,3way,noun,10,8,0,2,0.8
qwen,zh,mixed,Task1,3way,verb,10,6,2,2,0.2
qwen,zh,mixed,Task1,3way,adj,10,5,2,3,0.3
qwen,zh,mixed,Task1,3way,all,30,,,,0.433
qwen,en,unbiased,Task1,binary,noun,10,7,3,,0.7
qwen,en,unbiased,Task1,binary,verb,10,5,5,,0.5
qwen,en,unbiased,Task1,binary,all,20,,,,0.6
qwen,en,mixed,Task1,binary,noun,10,8,2,,0.8
qwen,en,mixed,Task1,binary,verb,10,5,5,,0.5
qwen,en,mixed,Task1,binary,all,20,,,,0.65
qwen,zh,unbiased,Task1,binary,noun,10,8,2,,0.8
qwen,zh,unbiased,Task1,binary,verb,10,8,2,,0.2
qwen,zh,unbiased,Task1,binary,all,20,,,,0.5
qwen,zh,mixed,Task1,binary,noun,10,10,0,,1.0
qwen,zh,mixed,Task1,binary,verb,10,8,2,,0.2
qwen,zh,mixed,Task1,binary,all,20,,,,0.6
qwen,en,unbiased,Task2,3way,noun,10,10,0,0,1.0
qwen,en,unbiased,Task2,3way,verb,10,9,0,1,0.0
qwen,en,unbiased,Task2,3way,adj,10,10,0,0,0.0
qwen,en,unbiased,Task2,3way,all,30,,,,0.333
qwen,en,mixed,Task2,3way,noun,10,6,4,0,0.6
qwen,en,mixed,Task2,3way,verb,10,6,3,1,0.3
qwen,en,mixed,Task2,3way,adj,10,4,3,3,0.3
qwen,en,mixed,Task2,3way,all,30,,,,0.4
qwen,zh,unbiased,Task2,3way,noun,10,8,1,1,0.8
qwen,zh,unbiased,Task2,3way,verb,10,7,2,1,0.2
qwen,zh,unbiased,Task2,3way,adj,10,7,1,2,0.2
qwen,zh,unbiased,Task2,3way,all,30,,,,0.4
qwen,zh,mixed,Task2,3way,noun,10,5,4,1,0.5
qwen,zh,mixed,Task2,3way,verb,10,5,4,1,0.4
qwen,zh,mixed,Task2,3way,adj,10,2,4,4,0.4
qwen,zh,mixed,Task2,3way,all,30,,,,0.433
qwen,en,unbiased,Task2,binary,noun,10,9,1,,0.9
qwen,en,unbiased,Task2,binary,verb,10,9,1,,0.1
qwen,en,unbiased,Task2,binary,all,20,,,,0.5
qwen,en,mixed,Task2,binary,noun,10,5,5,,0.5
qwen,en,mixed,Task2,binary,verb,10,6,4,,0.4
qwen,en,mixed,Task2,binary,all,20,,,,0.45
qwen,zh,unbiased,Task2,binary,noun,10,10,0,,1.0
qwen,zh,unbiased,Task2,binary,verb,10,9,1,,0.1
qwen,zh,unbiased,Task2,binary,all,20,,,,0.55
qwen,zh,mixed,Task2,binary,noun,10,6,4,,0.6
qwen,zh,mixed,Task2,binary,verb,10,6,4,,0.4
qwen,zh,mixed,Task2,binary,all,20,,,,0.5
qwen,en,unbiased,Task3,3way,noun,10,7,3,0,0.7
qwen,en,unbiased,Task3,3way,verb,10,2,7,1,0.7
qwen,en,unbiased,Task3,3way,adj,10,6,0,4,0.4
qwen,en,unbiased,Task3,3way,all,30,,,,0.6
qwen,en,mixed,Task3,3way,noun,10,7,2,1,0.7
qwen,en,mixed,Task3,3way,verb,10,3,6,1,0.6
qwen,en,mixed,Task3,3way,adj,10,2,4,4,0.4
qwen,en,mixed,Task3,3way,all,30,,,,0.567
qwen,zh,unbiased,Task3,3way,noun,10,9,1,0,0.9
qwen,zh,unbiased,Task3,3way,verb,10,4,4,2,0.4
qwen,zh,unbiased,Task3,3way,adj,10,3,2,5,0.5
qwen,zh,unbiased,Task3,3way,all,30,,,,0.6
qwen,zh,mixed,Task3,3way,noun,10,7,1,2,0.7
qwen,zh,mixed,Task3,3way,verb,10,6,3,1,0.3
qwen,zh,mixed,Task3,3way,adj,10,4,2,4,0.4
qwen,zh,mixed,Task3,3way,all,30,,,,0.467
qwen,en,unbiased,Task3,binary,noun,10,7,3,,0.7
qwen,en,unbiased,Task3,binary,verb,10,2,8,,0.8
qwen,en,unbiased,Task3,binary,all,20,,,,0.75
qwen,en,mixed,Task3,binary,noun,10,8,2,,0.8
qwen,en,mixed,Task3,binary,verb,10,3,7,,0.7
qwen,en,mixed,Task3,binary,all,20,,,,0.75
qwen,zh,unbiased,Task3,binary,noun,10,9,1,,0.9
qwen,zh,unbiased,Task3,binary,verb,10,5,5,,0.5
qwen,zh,unbiased,Task3,binary,all,20,,,,0.7
qwen,zh,mixed,Task3,binary,noun,10,9,1,,0.9
qwen,zh,mixed,Task3,binary,verb,10,6,4,,0.4
qwen,zh,mixed,Task3,binary,all,20,,,,0.65
aya,en,unbiased,Task1,3way,noun,10,9,1,0,0.9
aya,en,unbiased,Task1,3way,verb,10,6,4,0,0.4
aya,en,unbiased,Task1,3way,adj,10,3,2,5,0.5
aya,en,unbiased,Task1,3way,all,30,,,,0.6
aya,en,mixed,Task1,3way,noun,10,8,1,1,0.8
aya,en,mixed,Task1,3way,verb,10,6,4,0,0.4
aya,en,mixed,Task1,3way,adj,10,6,3,1,0.1
aya,en,mixed,Task1,3way,all,30,,,,0.433
aya,zh,unbiased,Task1,3way,noun,10,7,3,0,0.7
aya,zh,unbiased,Task1,3way,verb,10,5,4,1,0.4
aya,zh,unbiased,Task1,3way,adj,10,5,3,2,0.2
aya,zh,unbiased,Task1,3way,all,30,,,,0.433
aya,zh,mixed,Task1,3way,noun,10,7,3,0,0.7
aya,zh,mixed,Task1,3way,verb,10,4,3,3,0.3
aya,zh,mixed,Task1,3way,adj,10,6,2,2,0.2
aya,zh,mixed,Task1,3way,all,30,,,,0.4
aya,en,unbiased,Task1,binary,noun,10,9,1,,0.9
aya,en,unbiased,Task1,binary,verb,10,6,4,,0.4
aya,en,unbiased,Task1,binary,all,20,,,,0.65
aya,en,mixed,Task1,binary,noun,10,8,2,,0.8
aya,en,mixed,Task1,binary,verb,10,6,4,,0.4
aya,en,mixed,Task1,binary,all,20,,,,0.6
aya,zh,unbiased,Task1,binary,noun,10,7,3,,0.7
aya,zh,unbiased,Task1,binary,verb,10,4,6,,0.6
aya,zh,unbiased,Task1,binary,all,20,,,,0.65
aya,zh,mixed,Task1,binary,noun,10,8,2,,0.8
aya,zh,mixed,Task1,binary,verb,10,6,4,,0.4
aya,zh,mixed,Task1,binary,all,20,,,,0.6
aya,en,unbiased,Task2,3way,noun,10,4,2,4,0.4
aya,en,unbiased,Task2,3way,verb,10,5,0,5,0.0
aya,en,unbiased,Task2,3way,adj,10,3,3,4,0.4
aya,en,unbiased,Task2,3way,all,30,,,,0.267
aya,en,mixed,Task2,3way,noun,10,5,0,5,0.5
aya,en,mixed,Task2,3way,verb,10,4,1,5,0.1
aya,en,mixed,Task2,3way,adj,10,4,3,3,0.3
aya,en,mixed,Task2,3way,all,30,,,,0.3
aya,zh,unbiased,Task2,3way,noun,10,4,1,5,0.4
aya,zh,unbiased,Task2,3way,verb,10,5,2,3,0.2
aya,zh,unbiased,Task2,3way,adj,10,4,2,4,0.4
aya,zh,unbiased,Task2,3way,all,30,,,,0.333
aya,zh,mixed,Task2,3way,noun,10,7,2,1,0.7
aya,zh,mixed,Task2,3way,verb,10,3,2,5,0.2
aya,zh,mixed,Task2,3way,adj,10,6,0,4,0.4
aya,zh,mixed,Task2,3way,all,30,,,,0.433
aya,en,unbiased,Task2,binary,noun,10,4,6,,0.4
aya,en,unbiased,Task2,binary,verb,10,6,4,,0.4
aya,en,unbiased,Task2,binary,all,20,,,,0.4
aya,en,mixed,Task2,binary,noun,10,8,2,,0.8
aya,en,mixed,Task2,binary,verb,10,5,5,,0.5
aya,en,mixed,Task2,binary,all,20,,,,0.65
aya,zh,unbiased,Task2,binary,noun,10,7,3,,0.7
aya,zh,unbiased,Task2,binary,verb,10,8,2,,0.2
aya,zh,unbiased,Task2,binary,all,20,,,,0.45
aya,zh,mixed,Task2,binary,noun,10,7,3,,0.7
aya,zh,mixed,Task2,binary,verb,10,4,6,,0.6
aya,zh,mixed,Task2,binary,all,20,,,,0.65
aya,en,unbiased,Task3,3way,noun,10,9,1,0,0.9
aya,en,unbiased,Task3,3way,verb,10,1,9,0,0.9
aya,en,unbiased,Task3,3way,adj,10,4,2,4,0.4
aya,en,unbiased,Task3,3way,all,30,,,,0.733
aya,en,mixed,Task3,3way,noun,10,8,1,1,0.8
aya,en,mixed,Task3,3way,verb,10,2,8,0,0.8
aya,en,mixed,Task3,3way,adj,10,5,2,3,0.3
aya,en,mixed,Task3,3way,all,30,,,,0.633
aya,zh,unbiased,Task3,3way,noun,10,9,1,0,0.9
aya,zh,unbiased,Task3,3way,verb,10,4,6,0,0.6
aya,zh,unbiased,Task3,3way,adj,10,7,1,2,0.2
aya,zh,unbiased,Task3,3way,all,30,,,,0.567
aya,zh,mixed,Task3,3way,noun,10,7,3,0,0.7
aya,zh,mixed,Task3,3way,verb,10,4,5,1,0.5
aya,zh,mixed,Task3,3way,adj,10,7,2,1,0.1
aya,zh,mixed,Task3,3way,all,30,,,,0.433
aya,en,unbiased,Task3,binary,noun,10,9,1,,0.9
aya,en,unbiased,Task3,binary,verb,10,1,9,,0.9
aya,en,unbiased,Task3,binary,all,20,,,,0.9
aya,en,mixed,Task3,binary,noun,10,9,1,,0.9
aya,en,mixed,Task3,binary,verb,10,2,8,,0.8
aya,en,mixed,Task3,binary,all,20,,,,0.85
aya,zh,unbiased,Task3,binary,noun,10,9,1,,0.9
aya,zh,unbiased,Task3,binary,verb,10,4,6,,0.6
aya,zh,unbiased,Task3,binary,all,20,,,,0.75
aya,zh,mixed,Task3,binary,noun,10,7,3,,0.7
aya,zh,mixed,Task3,binary,verb,10,4,6,,0.6
aya,zh,mixed,Task3,binary,all,20,,,,0.65
